Old,New
65.60137298,73.53368542
66.87936221,71.72426315
55.14191394,74.12757397
63.07935553,77.11095376
61.85576722,77.60623672
67.66777272,69.99683844
56.13016615,79.6979009
66.46957658,79.0670612
68.00395662,71.74868918
60.221183,79.82066698
69.49726461,69.95128317
64.10637277,76.24383179
57.77934382,79.60567022
56.16289353,77.42751959
65.62568089,70.8089921
65.98635365,77.89972965
65.30760909,73.29702989
66.1174677,69.42649577
62.05093103,74.20111658
